p00,p01,p02,p03,p04,p05,p06,p07,p08,p09,p10,p11,index
0,0,0,0,3310,1715,0,0,0,0,0,0,2023-08-22T19:00:32.015000
0,0,0,0,0,0,0,0,0,0,0,0,2023-08-22T19:00:32.515000
0,0,0,0,0,0,0,0,0,0,0,0,2023-08-22T19:00:33.015000
0,0,0,0,0,0,0,0,0,0,0,0,2023-08-22T19:00:33.515000
0,0,0,0,0,0,0,0,0,0,0,0,2023-08-22T19:00:34.015000
0,0,0,0,0,0,0,0,0,0,0,0,2023-08-22T19:00:34.515000
0,0,0,0,0,0,0,0,0,0,0,0,2023-08-22T19:00:35.015000
0,0,0,0,0,0,0,0,0,0,0,0,2023-08-22T19:00:35.515000
0,0,0,0,0,0,0,0,0,0,0,0,2023-08-22T19:00:36.015000
0,0,0,0,0,0,0,0,0,0,0,0,2023-08-22T19:00:36.515000
0,0,0,0,4050,1725,324,120,189,0,0,0,2023-08-22T19:00:37.015000
0,0,0,0,0,0,0,0,0,0,0,0,2023-08-22T19:00:38.015000
0,0,0,0,0,0,0,0,0,0,0,0,2023-08-22T19:00:38.515000
0,0,0,0,0,0,0,0,0,0,0,0,2023-08-22T19:00:39.015000
0,0,0,0,0,0,0,0,0,0,0,0,2023-08-22T19:00:39.515000
0,0,0,0,0,0,0,0,0,0,0,0,2023-08-22T19:00:40.015000
0,0,0,0,0,0,0,0,0,0,0,0,2023-08-22T19:00:40.515000
0,0,0,0,0,0,0,0,0,0,0,0,2023-08-22T19:00:41.015000
0,0,0,0,0,0,0,0,0,0,0,0,2023-08-22T19:00:41.515000
0,0,0,0,0,0,0,0,0,0,0,0,2023-08-22T19:00:42.015000
0,0,0,0,0,0,0,0,0,0,0,0,2023-08-22T19:00:42.515000
1136,2047,0,0,0,0,0,0,0,0,0,0,2023-08-22T19:00:43.015000
0,0,0,0,0,0,0,0,0,0,0,0,2023-08-22T19:01:02.015000
0,0,0,0,0,0,0,0,0,0,0,0,2023-08-22T19:01:02.515000
0,0,0,0,0,0,0,0,0,0,0,0,2023-08-22T19:01:03.015000
0,0,0,0,0,0,0,0,0,0,0,0,2023-08-22T19:01:03.515000
0,472,0,0,0,0,0,0,0,0,0,0,2023-08-22T19:01:04.015000
0,0,0,0,0,0,0,0,0,0,0,0,2023-08-22T19:01:09.515000
0,0,0,0,0,0,0,0,0,0,0,0,2023-08-22T19:01:10.015000
0,36,0,0,0,0,0,0,0,0,0,0,2023-08-22T19:01:10.515000
0,0,0,0,0,0,0,0,0,0,0,0,2023-08-22T19:01:11.016000
0,109,0,0,0,0,0,0,0,0,0,0,2023-08-22T19:01:11.516000
0,0,0,0,0,0,0,0,0,0,0,0,2023-08-22T19:01:12.516000
0,101,0,0,0,0,0,0,0,0,0,0,2023-08-22T19:01:13.016000
0,0,0,0,0,0,0,0,0,0,0,0,2023-08-22T19:01:14.016000
0,0,0,0,0,0,0,0,0,0,0,0,2023-08-22T19:01:14.516000
0,0,0,0,0,0,0,0,0,0,0,0,2023-08-22T19:01:15.016000
0,368,0,0,0,0,0,0,0,0,0,0,2023-08-22T19:01:15.516000
0,0,0,0,0,0,0,0,0,0,0,0,2023-08-22T19:01:20.516000
0,0,0,0,0,0,0,0,0,0,0,0,2023-08-22T19:01:21.016000
0,0,0,0,0,0,0,0,0,0,0,0,2023-08-22T19:01:21.516000
0,0,0,0,0,0,0,0,0,0,0,0,2023-08-22T19:01:22.016000
0,0,0,0,0,0,0,0,0,0,0,0,2023-08-22T19:01:22.516000
0,1697,0,0,0,0,0,0,0,0,0,0,2023-08-22T19:01:23.016000
0,0,0,0,0,0,0,0,0,0,0,0,2023-08-22T19:01:24.016000
0,0,0,0,0,0,0,0,0,0,0,0,2023-08-22T19:01:24.516000
0,0,0,0,0,0,0,0,0,0,0,0,2023-08-22T19:01:25.016000
0,0,0,0,0,0,0,0,0,0,0,0,2023-08-22T19:01:25.516000
0,0,0,0,0,0,0,0,0,0,0,0,2023-08-22T19:01:26.016000
0,0,0,0,0,0,0,0,0,0,0,0,2023-08-22T19:01:26.516000
0,0,0,0,0,0,0,0,0,0,0,0,2023-08-22T19:01:27.016000
0,0,0,0,0,0,0,0,0,0,0,0,2023-08-22T19:01:27.516000
0,880,0,0,0,0,0,0,0,0,0,0,2023-08-22T19:01:28.016000
0,0,0,0,0,0,0,0,0,0,0,0,2023-08-22T19:01:29.016000
0,0,0,0,0,0,0,0,0,0,0,0,2023-08-22T19:01:29.516000
0,0,0,0,0,0,0,0,0,0,0,0,2023-08-22T19:01:30.016000
0,0,0,0,0,0,0,0,0,0,0,0,2023-08-22T19:01:30.516000
0,0,0,0,0,0,0,0,0,0,0,0,2023-08-22T19:01:31.016000
0,0,0,0,0,0,0,0,0,0,0,0,2023-08-22T19:01:31.516000
0,0,0,0,0,0,0,0,0,0,0,0,2023-08-22T19:01:32.016000
0,0,0,0,0,0,0,0,0,0,0,0,2023-08-22T19:01:32.516000
0,0,0,0,0,0,0,0,0,0,0,0,2023-08-22T19:01:33.016000
0,0,0,0,0,0,0,0,0,0,0,0,2023-08-22T19:01:33.516000
0,0,0,0,0,0,0,0,0,0,0,0,2023-08-22T19:01:34.016000
0,0,0,0,0,0,0,0,0,0,0,0,2023-08-22T19:01:34.516000
0,0,0,0,0,0,0,0,0,0,0,0,2023-08-22T19:01:35.016000
0,0,0,0,0,0,0,0,0,0,0,0,2023-08-22T19:01:35.516000
0,0,0,0,0,0,0,0,0,0,0,0,2023-08-22T19:01:36.016000
0,0,0,0,0,0,0,0,0,0,0,0,2023-08-22T19:01:36.516000
0,0,0,0,0,0,0,0,0,0,0,0,2023-08-22T19:01:37.016000
0,0,0,0,0,0,0,0,0,0,0,0,2023-08-22T19:01:37.516000
0,0,0,0,0,0,0,0,0,0,0,0,2023-08-22T19:01:38.016000
0,0,0,0,0,0,0,0,0,0,0,0,2023-08-22T19:01:38.516000
0,0,0,0,0,0,0,0,0,0,0,0,2023-08-22T19:01:39.016000
0,0,0,0,0,0,0,0,0,0,0,0,2023-08-22T19:01:39.516000
0,0,0,0,0,0,0,0,0,0,0,0,2023-08-22T19:01:40.016000
0,0,0,0,0,0,0,0,0,0,0,0,2023-08-22T19:01:40.516000
0,0,0,0,0,0,0,0,0,0,0,0,2023-08-22T19:01:41.016000
0,0,0,0,0,0,0,0,0,0,0,0,2023-08-22T19:01:41.516000
0,0,0,0,0,0,0,0,0,0,0,0,2023-08-22T19:01:42.016000
0,0,0,0,0,0,0,0,0,0,0,0,2023-08-22T19:01:42.516000
0,0,0,0,0,0,0,0,0,0,0,0,2023-08-22T19:01:43.016000
0,0,0,0,0,0,0,0,0,0,0,0,2023-08-22T19:01:43.516000
0,0,0,0,0,0,0,0,0,0,0,0,2023-08-22T19:01:44.016000
0,0,0,0,0,0,0,0,0,0,0,0,2023-08-22T19:01:44.516000
0,0,0,0,0,0,0,0,0,0,0,0,2023-08-22T19:01:45.016000
0,0,0,0,0,0,0,0,0,0,0,0,2023-08-22T19:01:45.516000
0,0,0,0,0,0,0,0,0,0,0,0,2023-08-22T19:01:46.016000
0,0,0,0,0,0,0,0,0,0,0,0,2023-08-22T19:01:46.516000
0,0,0,0,0,0,0,0,0,0,0,0,2023-08-22T19:01:47.016000
0,0,0,0,0,0,0,0,0,0,0,0,2023-08-22T19:01:47.516000
0,0,0,0,0,0,0,0,0,0,0,0,2023-08-22T19:01:48.016000
0,0,0,0,0,0,0,0,0,0,0,0,2023-08-22T19:01:48.516000
0,0,0,0,0,0,0,0,0,0,0,0,2023-08-22T19:01:49.016000
0,0,0,0,0,0,0,0,0,0,0,0,2023-08-22T19:01:49.516000
0,0,0,0,0,0,0,0,0,0,0,0,2023-08-22T19:01:50.016000
0,0,0,0,0,0,0,0,0,0,0,0,2023-08-22T19:01:50.516000
0,0,0,0,0,0,0,0,0,0,0,0,2023-08-22T19:01:51.016000
0,0,0,0,0,0,0,0,0,0,0,0,2023-08-22T19:01:51.516000
0,499,0,0,0,0,0,0,0,0,0,0,2023-08-22T19:01:52.016000
0,0,0,0,0,0,0,0,0,0,0,0,2023-08-22T19:01:52.516000
0,0,0,0,0,0,0,0,0,0,0,0,2023-08-22T19:01:53.016000
0,0,0,0,0,0,0,0,0,0,0,0,2023-08-22T19:01:53.516000
0,0,0,0,0,0,0,0,0,0,0,0,2023-08-22T19:01:54.016000
0,0,0,0,0,0,0,0,0,0,0,0,2023-08-22T19:01:54.516000
0,0,0,0,0,0,0,0,0,0,0,0,2023-08-22T19:01:55.016000
0,0,0,0,0,0,0,0,0,0,0,0,2023-08-22T19:01:55.516000
0,0,0,0,0,0,0,0,0,0,0,0,2023-08-22T19:01:56.016000
0,0,0,0,0,0,0,0,0,0,0,0,2023-08-22T19:01:56.516000
0,0,0,0,0,0,0,0,0,0,0,0,2023-08-22T19:01:57.016000
0,0,0,0,0,0,0,0,0,0,0,0,2023-08-22T19:01:57.516000
0,0,0,0,0,0,0,0,0,0,0,0,2023-08-22T19:01:58.016000
0,0,0,0,0,0,0,0,0,0,0,0,2023-08-22T19:01:58.516000
545,2025,0,0,0,0,0,0,0,0,0,0,2023-08-22T19:01:59.016000
0,0,0,0,0,0,0,0,0,0,0,0,2023-08-22T19:02:03.516000
0,0,0,0,0,0,0,0,0,0,0,0,2023-08-22T19:02:04.016000
0,0,0,0,0,0,0,0,0,0,0,0,2023-08-22T19:02:04.516000
0,0,0,0,0,0,0,0,0,0,0,0,2023-08-22T19:02:05.016000
0,0,0,0,0,0,0,0,0,0,0,0,2023-08-22T19:02:05.516000
0,0,0,0,0,0,0,0,0,0,0,0,2023-08-22T19:02:06.016000
0,0,0,0,0,0,0,0,0,0,0,0,2023-08-22T19:02:06.516000
0,0,0,0,0,0,0,0,0,0,0,0,2023-08-22T19:02:07.016000
0,0,0,0,0,0,0,0,0,0,0,0,2023-08-22T19:02:07.516000
0,0,0,0,0,0,0,0,0,0,0,0,2023-08-22T19:02:08.016000
0,0,0,0,0,0,0,0,0,0,0,0,2023-08-22T19:02:08.516000
0,0,0,0,0,0,0,0,0,0,0,0,2023-08-22T19:02:09.016000
0,0,0,0,0,0,0,0,0,0,0,0,2023-08-22T19:02:09.516000
0,0,0,0,0,0,0,0,0,0,0,0,2023-08-22T19:02:10.016000
0,0,0,0,0,0,0,0,0,0,0,0,2023-08-22T19:02:10.516000
0,0,0,0,0,0,0,0,0,0,0,0,2023-08-22T19:02:11.016000
0,0,0,0,0,0,0,0,0,0,0,0,2023-08-22T19:02:11.516000
0,0,0,0,0,0,0,0,0,0,0,0,2023-08-22T19:02:12.016000
0,0,0,0,0,0,0,0,0,0,0,0,2023-08-22T19:02:12.516000
0,0,0,0,0,0,0,0,0,0,0,0,2023-08-22T19:02:13.016000
0,0,0,0,0,0,0,0,0,0,0,0,2023-08-22T19:02:13.516000
0,353,0,0,0,0,0,0,0,0,0,0,2023-08-22T19:02:14.016000
0,240,0,0,0,0,0,0,0,0,0,0,2023-08-22T19:02:14.516000
0,0,0,0,0,0,0,0,0,0,0,0,2023-08-22T19:02:15.016000
0,0,0,0,0,0,0,0,0,0,0,0,2023-08-22T19:02:15.516000
0,0,0,0,0,0,0,0,0,0,0,0,2023-08-22T19:02:16.016000
0,0,0,0,0,0,0,0,0,0,0,0,2023-08-22T19:02:16.516000
0,0,0,0,0,0,0,0,0,0,0,0,2023-08-22T19:02:17.016000
0,0,0,0,0,0,0,0,0,0,0,0,2023-08-22T19:02:17.516000
0,0,0,0,0,0,0,0,0,0,0,0,2023-08-22T19:02:18.016000
0,0,0,0,0,0,0,0,0,0,0,0,2023-08-22T19:02:18.516000
0,0,0,0,0,0,0,0,0,0,0,0,2023-08-22T19:02:19.016000
0,0,0,0,0,0,0,0,0,0,0,0,2023-08-22T19:02:19.516000
0,0,0,0,0,0,0,0,0,0,0,0,2023-08-22T19:02:20.016000
0,0,0,0,0,0,0,0,0,0,0,0,2023-08-22T19:02:20.516000
0,0,0,0,0,0,0,0,0,0,0,0,2023-08-22T19:02:21.016000
0,0,0,0,0,0,0,0,0,0,0,0,2023-08-22T19:02:21.516000
0,0,0,0,0,0,0,0,0,0,0,0,2023-08-22T19:02:22.016000
0,0,0,0,0,0,0,0,0,0,0,0,2023-08-22T19:02:22.516000
0,0,0,0,0,0,0,0,0,0,0,0,2023-08-22T19:02:23.016000
0,0,0,0,0,0,0,0,0,0,0,0,2023-08-22T19:02:23.516000
0,0,0,0,0,0,0,0,0,0,0,0,2023-08-22T19:02:24.016000
0,0,0,0,0,0,0,0,0,0,0,0,2023-08-22T19:02:24.516000
0,0,0,0,0,0,0,0,0,0,0,0,2023-08-22T19:02:25.016000
0,0,0,0,0,0,0,0,0,0,0,0,2023-08-22T19:02:25.516000
0,0,0,0,0,0,0,0,0,0,0,0,2023-08-22T19:02:26.016000
0,0,0,0,0,0,0,0,0,0,0,0,2023-08-22T19:02:26.516000
0,0,0,0,0,0,0,0,0,0,0,0,2023-08-22T19:02:27.016000
0,0,0,0,0,0,0,0,0,0,0,0,2023-08-22T19:02:27.517000
0,0,0,0,0,0,0,0,0,0,0,0,2023-08-22T19:02:28.017000
0,0,0,0,0,0,0,0,0,0,0,0,2023-08-22T19:02:28.517000
0,0,0,0,0,0,0,0,0,0,0,0,2023-08-22T19:02:29.017000
0,0,0,0,0,0,0,0,0,0,0,0,2023-08-22T19:02:29.517000
0,0,0,0,0,0,0,0,0,0,0,0,2023-08-22T19:02:30.017000
0,0,0,0,0,0,0,0,0,0,0,0,2023-08-22T19:02:30.517000
0,0,0,0,0,0,0,0,0,0,0,0,2023-08-22T19:02:31.017000
0,0,0,0,0,0,0,0,0,0,0,0,2023-08-22T19:02:31.517000
0,0,0,0,0,0,0,0,0,0,0,0,2023-08-22T19:02:32.017000
0,0,0,0,0,0,0,0,0,0,0,0,2023-08-22T19:02:32.517000
0,0,0,0,0,0,0,0,0,0,0,0,2023-08-22T19:02:33.017000
0,0,0,0,0,0,0,0,0,0,0,0,2023-08-22T19:02:33.517000
0,0,0,0,0,0,0,0,0,0,0,0,2023-08-22T19:02:34.017000
0,0,0,0,0,0,0,0,0,0,0,0,2023-08-22T19:02:34.517000
0,0,0,0,0,0,0,0,0,0,0,0,2023-08-22T19:02:35.017000
0,0,0,0,0,0,0,0,0,0,0,0,2023-08-22T19:02:35.517000
0,0,0,0,0,0,0,0,0,0,0,0,2023-08-22T19:02:36.017000
0,0,0,0,0,0,0,0,0,0,0,0,2023-08-22T19:02:36.517000
0,0,0,0,0,0,0,0,0,0,0,0,2023-08-22T19:02:37.017000
0,0,0,0,0,0,0,0,0,0,0,0,2023-08-22T19:02:37.517000
0,0,0,0,0,0,0,0,0,0,0,0,2023-08-22T19:02:38.017000
0,0,0,0,0,0,0,0,0,0,0,0,2023-08-22T19:02:38.517000
0,0,0,0,0,0,0,0,0,0,0,0,2023-08-22T19:02:39.017000
0,0,0,0,0,0,0,0,0,0,0,0,2023-08-22T19:02:39.517000
0,0,0,0,0,0,0,0,0,0,0,0,2023-08-22T19:02:40.017000
0,0,0,0,0,0,0,0,0,0,0,0,2023-08-22T19:02:40.517000
0,0,0,0,0,0,0,0,0,0,0,0,2023-08-22T19:02:41.017000
0,0,0,0,0,0,0,0,0,0,0,0,2023-08-22T19:02:41.517000
0,0,0,0,0,0,0,0,0,0,0,0,2023-08-22T19:02:42.017000
0,0,0,0,0,0,0,0,0,0,0,0,2023-08-22T19:02:42.517000
0,0,0,0,0,0,0,0,0,0,0,0,2023-08-22T19:02:43.017000
0,0,0,0,0,0,0,0,0,0,0,0,2023-08-22T19:02:43.517000
0,0,0,0,0,0,0,0,0,0,0,0,2023-08-22T19:02:44.017000
0,0,0,0,0,0,0,0,0,0,0,0,2023-08-22T19:02:44.517000
0,0,0,0,0,0,0,0,0,0,0,0,2023-08-22T19:02:45.017000
0,0,0,0,0,0,0,0,0,0,0,0,2023-08-22T19:02:45.517000
0,0,0,0,0,0,0,0,0,0,0,0,2023-08-22T19:02:46.017000
0,0,0,0,0,0,0,0,0,0,0,0,2023-08-22T19:02:46.517000
0,0,0,0,0,0,0,0,0,0,0,0,2023-08-22T19:02:47.017000
0,0,0,0,0,0,0,0,0,0,0,0,2023-08-22T19:02:47.517000
0,0,0,0,0,0,0,0,0,0,0,0,2023-08-22T19:02:48.017000
0,0,0,0,0,0,0,0,0,0,0,0,2023-08-22T19:02:48.517000
0,0,0,0,0,0,0,0,0,0,0,0,2023-08-22T19:02:49.017000
0,0,0,0,0,0,0,0,0,0,0,0,2023-08-22T19:02:49.517000
0,0,0,0,0,0,0,0,0,0,0,0,2023-08-22T19:02:50.017000
0,0,0,0,0,0,0,0,0,0,0,0,2023-08-22T19:02:50.517000
0,0,0,0,0,0,0,0,0,0,0,0,2023-08-22T19:02:51.017000
0,0,0,0,0,0,0,0,0,0,0,0,2023-08-22T19:02:51.517000
0,0,0,0,0,0,0,0,0,0,0,0,2023-08-22T19:02:52.017000
0,0,0,0,0,0,0,0,0,0,0,0,2023-08-22T19:02:52.517000
0,0,0,0,0,0,0,0,0,0,0,0,2023-08-22T19:02:53.017000
0,0,0,0,0,0,0,0,0,0,0,0,2023-08-22T19:02:53.517000
0,0,0,0,0,0,0,0,0,0,0,0,2023-08-22T19:02:54.017000
0,0,0,0,0,0,0,0,0,0,0,0,2023-08-22T19:02:54.517000
0,0,0,0,0,0,0,0,0,0,0,0,2023-08-22T19:02:55.017000
0,0,0,0,0,0,0,0,0,0,0,0,2023-08-22T19:02:55.517000
0,0,0,0,0,0,0,0,0,0,0,0,2023-08-22T19:02:56.017000
0,0,0,0,0,0,0,0,0,0,0,0,2023-08-22T19:02:56.517000
0,0,0,0,0,0,0,0,0,0,0,0,2023-08-22T19:02:57.017000
0,0,0,0,0,0,0,0,0,0,0,0,2023-08-22T19:02:57.517000
0,0,0,0,0,0,0,0,0,0,0,0,2023-08-22T19:02:58.017000
0,0,0,0,0,0,0,0,0,0,0,0,2023-08-22T19:02:58.517000
0,0,0,0,0,0,0,0,0,0,0,0,2023-08-22T19:02:59.017000
0,0,0,0,0,0,0,0,0,0,0,0,2023-08-22T19:02:59.517000
0,0,0,0,0,0,0,0,0,0,0,0,2023-08-22T19:03:00.017000
0,0,0,0,0,0,0,0,0,0,0,0,2023-08-22T19:03:00.517000
0,0,0,0,0,0,0,0,0,0,0,0,2023-08-22T19:03:01.017000
0,0,0,0,0,0,0,0,0,0,0,0,2023-08-22T19:03:01.517000
0,0,0,0,0,0,0,0,0,0,0,0,2023-08-22T19:03:02.017000
0,0,0,0,0,0,0,0,0,0,0,0,2023-08-22T19:03:02.517000
0,0,0,0,0,0,0,0,0,0,0,0,2023-08-22T19:03:03.017000
0,0,0,0,0,0,0,0,0,0,0,0,2023-08-22T19:03:03.517000
0,0,0,0,0,0,0,0,0,0,0,0,2023-08-22T19:03:04.017000
0,0,0,0,0,0,0,0,0,0,0,0,2023-08-22T19:03:04.517000
0,0,0,0,0,0,0,0,0,0,0,0,2023-08-22T19:03:05.017000
0,0,0,0,0,0,0,0,0,0,0,0,2023-08-22T19:03:05.517000
0,0,0,0,0,0,0,0,0,0,0,0,2023-08-22T19:03:06.017000
0,0,0,0,0,0,0,0,0,0,0,0,2023-08-22T19:03:06.517000
0,0,0,0,0,0,0,0,0,0,0,0,2023-08-22T19:03:07.017000
0,0,0,0,0,0,0,0,0,0,0,0,2023-08-22T19:03:07.517000
0,0,0,0,0,0,0,0,0,0,0,0,2023-08-22T19:03:08.017000
0,0,0,0,0,0,0,0,0,0,0,0,2023-08-22T19:03:08.517000
0,0,0,0,0,0,0,0,0,0,0,0,2023-08-22T19:03:09.017000
0,0,0,0,0,0,0,0,0,0,0,0,2023-08-22T19:03:09.517000
0,0,0,0,0,0,0,0,0,0,0,0,2023-08-22T19:03:10.017000
0,0,0,0,0,0,0,0,0,0,0,0,2023-08-22T19:03:10.517000
0,0,0,0,0,0,0,0,0,0,0,0,2023-08-22T19:03:11.017000
0,0,0,0,0,0,0,0,0,0,0,0,2023-08-22T19:03:11.517000
0,0,0,0,0,0,0,0,0,0,0,0,2023-08-22T19:03:12.017000
0,0,0,0,0,0,0,0,0,0,0,0,2023-08-22T19:03:12.517000
0,0,0,0,0,0,0,0,0,0,0,0,2023-08-22T19:03:13.017000
0,0,0,0,0,0,0,0,0,0,0,0,2023-08-22T19:03:13.517000
0,0,0,0,0,0,0,0,0,0,0,0,2023-08-22T19:03:14.017000
0,0,0,0,0,0,0,0,0,0,0,0,2023-08-22T19:03:14.517000
0,0,0,0,0,0,0,0,0,0,0,0,2023-08-22T19:03:15.017000
0,0,0,0,0,0,0,0,0,0,0,0,2023-08-22T19:03:15.517000
0,0,0,0,0,0,0,0,0,0,0,0,2023-08-22T19:03:16.017000
0,0,0,0,0,0,0,0,0,0,0,0,2023-08-22T19:03:16.517000
0,0,0,0,0,0,0,0,0,0,0,0,2023-08-22T19:03:17.017000
0,0,0,0,0,0,0,0,0,0,0,0,2023-08-22T19:03:17.517000
0,0,0,0,0,0,0,0,0,0,0,0,2023-08-22T19:03:18.017000
0,0,0,0,0,0,0,0,0,0,0,0,2023-08-22T19:03:18.517000
0,0,0,0,0,0,0,0,0,0,0,0,2023-08-22T19:03:19.017000
0,0,0,0,0,0,0,0,0,0,0,0,2023-08-22T19:03:19.517000
0,0,0,0,0,0,0,0,0,0,0,0,2023-08-22T19:03:20.017000
0,0,0,0,0,0,0,0,0,0,0,0,2023-08-22T19:03:20.517000
0,0,0,0,0,0,0,0,0,0,0,0,2023-08-22T19:03:21.017000
0,0,0,0,0,0,0,0,0,0,0,0,2023-08-22T19:03:21.517000
0,0,0,0,0,0,0,0,0,0,0,0,2023-08-22T19:03:22.017000
0,0,0,0,0,0,0,0,0,0,0,0,2023-08-22T19:03:22.517000
0,0,0,0,0,0,0,0,0,0,0,0,2023-08-22T19:03:23.017000
0,0,0,0,0,0,0,0,0,0,0,0,2023-08-22T19:03:23.517000
0,0,0,0,0,0,0,0,0,0,0,0,2023-08-22T19:03:24.017000
0,0,0,0,0,0,0,0,0,0,0,0,2023-08-22T19:03:24.517000
0,0,0,0,0,0,0,0,0,0,0,0,2023-08-22T19:03:25.017000
0,0,0,0,0,0,0,0,0,0,0,0,2023-08-22T19:03:25.517000
0,0,0,0,0,0,0,0,0,0,0,0,2023-08-22T19:03:26.017000
0,0,0,0,0,0,0,0,0,0,0,0,2023-08-22T19:03:26.517000
0,0,0,0,0,0,0,0,0,0,0,0,2023-08-22T19:03:27.017000
0,0,0,0,0,0,0,0,0,0,0,0,2023-08-22T19:03:27.517000
0,0,0,0,0,0,0,0,0,0,0,0,2023-08-22T19:03:28.017000
0,0,0,0,0,0,0,0,0,0,0,0,2023-08-22T19:03:28.517000
0,0,0,0,0,0,0,0,0,0,0,0,2023-08-22T19:03:29.017000
0,0,0,0,0,0,0,0,0,0,0,0,2023-08-22T19:03:29.517000
0,0,0,0,0,0,0,0,0,0,0,0,2023-08-22T19:03:30.017000
0,0,0,0,0,0,0,0,0,0,0,0,2023-08-22T19:03:30.517000
0,0,0,0,0,0,0,0,0,0,0,0,2023-08-22T19:03:31.017000
0,0,0,0,0,0,0,0,0,0,0,0,2023-08-22T19:03:31.517000
0,0,0,0,0,0,0,0,0,0,0,0,2023-08-22T19:03:32.017000
0,0,0,0,0,0,0,0,0,0,0,0,2023-08-22T19:03:32.517000
0,0,0,0,0,0,0,0,0,0,0,0,2023-08-22T19:03:33.017000
0,0,0,0,0,0,0,0,0,0,0,0,2023-08-22T19:03:33.517000
0,0,0,0,0,0,0,0,0,0,0,0,2023-08-22T19:03:34.017000
0,0,0,0,0,0,0,0,0,0,0,0,2023-08-22T19:03:34.517000
0,0,0,0,0,0,0,0,0,0,0,0,2023-08-22T19:03:35.017000
0,0,0,0,0,0,0,0,0,0,0,0,2023-08-22T19:03:35.517000
0,0,0,0,0,0,0,0,0,0,0,0,2023-08-22T19:03:36.017000
0,0,0,0,0,0,0,0,0,0,0,0,2023-08-22T19:03:36.517000
0,0,0,0,0,0,0,0,0,0,0,0,2023-08-22T19:03:37.017000
0,0,0,0,0,0,0,0,0,0,0,0,2023-08-22T19:03:37.517000
0,0,0,0,0,0,0,0,0,0,0,0,2023-08-22T19:03:38.017000
0,0,0,0,0,0,0,0,0,0,0,0,2023-08-22T19:03:38.517000
0,0,0,0,0,0,0,0,0,0,0,0,2023-08-22T19:03:39.017000
0,0,0,0,0,0,0,0,0,0,0,0,2023-08-22T19:03:39.517000
0,0,0,0,0,0,0,0,0,0,0,0,2023-08-22T19:03:40.017000
0,0,0,0,0,0,0,0,0,0,0,0,2023-08-22T19:03:40.517000
0,0,0,0,0,0,0,0,0,0,0,0,2023-08-22T19:03:41.017000
0,0,0,0,4053,1585,297,217,136,0,0,0,2023-08-22T19:03:41.517000
0,0,0,0,0,0,0,0,0,0,0,0,2023-08-22T19:03:43.017000
0,0,0,0,0,0,0,0,0,0,0,0,2023-08-22T19:03:43.517000
0,0,0,0,0,0,0,0,0,0,0,0,2023-08-22T19:03:44.017000
0,0,0,0,0,0,0,0,0,0,0,0,2023-08-22T19:03:44.517000
0,0,0,0,0,0,0,0,0,0,0,0,2023-08-22T19:03:45.018000
0,0,0,0,0,0,0,0,0,0,0,0,2023-08-22T19:03:45.518000
0,0,0,0,0,0,0,0,0,0,0,0,2023-08-22T19:03:46.018000
0,0,0,0,0,0,0,0,0,0,0,0,2023-08-22T19:03:46.518000
0,0,0,0,0,0,0,0,0,0,0,0,2023-08-22T19:03:47.018000
0,0,0,0,0,0,0,0,0,0,0,0,2023-08-22T19:03:47.518000
0,0,0,0,0,0,0,0,0,0,0,0,2023-08-22T19:03:48.018000
0,0,0,0,0,0,0,0,0,0,0,0,2023-08-22T19:03:48.518000
0,0,0,0,0,0,0,0,0,0,0,0,2023-08-22T19:03:49.018000
0,0,0,0,0,0,0,0,0,0,0,0,2023-08-22T19:03:49.518000
0,0,0,0,0,0,0,0,0,0,0,0,2023-08-22T19:03:50.018000
0,0,0,0,0,0,0,0,0,0,0,0,2023-08-22T19:03:50.518000
0,0,0,0,0,0,0,0,0,0,0,0,2023-08-22T19:03:51.018000
0,106,0,0,0,0,0,0,0,0,0,0,2023-08-22T19:03:51.518000
0,0,0,0,0,0,0,0,0,0,0,0,2023-08-22T19:03:52.518000
0,45,0,0,0,0,0,0,0,0,0,0,2023-08-22T19:03:53.018000
0,0,0,0,0,0,0,0,0,0,0,0,2023-08-22T19:03:54.518000
0,0,0,0,0,0,0,0,0,0,0,0,2023-08-22T19:03:55.018000
0,0,0,0,0,0,0,0,0,0,0,0,2023-08-22T19:03:55.518000
0,0,0,0,0,0,0,0,0,0,0,0,2023-08-22T19:03:56.018000
0,0,0,0,0,0,0,0,0,0,0,0,2023-08-22T19:03:56.518000
0,0,0,0,0,0,0,0,0,0,0,0,2023-08-22T19:03:57.018000
0,0,0,0,0,0,0,0,0,0,0,0,2023-08-22T19:03:57.518000
0,0,0,0,0,0,0,0,0,0,0,0,2023-08-22T19:03:58.018000
0,0,0,0,0,0,0,0,0,0,0,0,2023-08-22T19:03:58.518000
0,0,0,0,0,0,0,0,0,0,0,0,2023-08-22T19:03:59.018000
0,0,0,0,0,0,0,0,0,0,0,0,2023-08-22T19:03:59.518000
0,0,0,0,0,0,0,0,0,0,0,0,2023-08-22T19:04:00.018000
0,0,0,0,0,0,0,0,0,0,0,0,2023-08-22T19:04:00.518000
0,0,0,0,0,0,0,0,0,0,0,0,2023-08-22T19:04:01.018000
0,0,0,0,0,0,0,0,0,0,0,0,2023-08-22T19:04:01.518000
0,0,0,0,0,0,0,0,0,0,0,0,2023-08-22T19:04:02.018000
0,0,0,0,0,0,0,0,0,0,0,0,2023-08-22T19:04:02.518000
0,0,0,0,0,0,0,0,0,0,0,0,2023-08-22T19:04:03.018000
0,0,0,0,0,0,0,0,0,0,0,0,2023-08-22T19:04:03.518000
0,0,0,0,0,0,0,0,0,0,0,0,2023-08-22T19:04:04.018000
0,0,0,0,0,0,0,0,0,0,0,0,2023-08-22T19:04:04.518000
0,0,0,0,0,0,0,0,0,0,0,0,2023-08-22T19:04:05.018000
0,0,0,0,0,0,0,0,0,0,0,0,2023-08-22T19:04:05.518000
0,0,0,0,0,0,0,0,0,0,0,0,2023-08-22T19:04:06.018000
0,0,0,0,0,0,0,0,0,0,0,0,2023-08-22T19:04:06.518000
0,0,0,0,0,0,0,0,0,0,0,0,2023-08-22T19:04:07.018000
0,0,0,0,0,0,0,0,0,0,0,0,2023-08-22T19:04:07.518000
0,0,0,0,0,0,0,0,0,0,0,0,2023-08-22T19:04:08.018000
0,0,0,0,0,0,0,0,0,0,0,0,2023-08-22T19:04:08.518000
0,0,0,0,0,0,0,0,0,0,0,0,2023-08-22T19:04:09.018000
0,752,0,0,0,0,0,0,0,0,0,0,2023-08-22T19:04:09.518000
0,0,0,0,0,0,0,0,0,0,0,0,2023-08-22T19:04:10.018000
0,0,0,0,0,0,0,0,0,0,0,0,2023-08-22T19:04:10.518000
0,0,0,0,0,0,0,0,0,0,0,0,2023-08-22T19:04:11.018000
0,0,0,0,0,0,0,0,0,0,0,0,2023-08-22T19:04:11.518000
0,0,0,0,0,0,0,0,0,0,0,0,2023-08-22T19:04:12.018000
0,0,0,0,0,0,0,0,0,0,0,0,2023-08-22T19:04:12.518000
0,1849,0,0,0,0,0,0,0,0,0,0,2023-08-22T19:04:13.018000
0,0,0,0,0,0,0,0,0,0,0,0,2023-08-22T19:04:23.518000
0,0,0,0,0,0,0,0,0,0,0,0,2023-08-22T19:04:24.018000
0,0,0,0,0,0,0,0,0,0,0,0,2023-08-22T19:04:24.518000
0,0,0,0,0,0,0,0,0,0,0,0,2023-08-22T19:04:25.018000
0,1149,0,0,0,0,0,0,0,0,0,0,2023-08-22T19:04:25.518000
0,0,0,0,0,0,0,0,0,0,0,0,2023-08-22T19:04:47.518000
0,1057,0,0,0,0,0,0,0,0,0,0,2023-08-22T19:04:48.018000
0,0,0,0,0,0,0,0,0,0,0,0,2023-08-22T19:04:49.018000
0,157,0,0,0,0,0,0,0,0,0,0,2023-08-22T19:04:49.518000
0,0,0,0,0,0,0,0,0,0,0,0,2023-08-22T19:07:13.521000
0,432,0,0,0,0,0,0,0,0,0,0,2023-08-22T19:07:14.021000
435,2155,0,0,4052,988,0,0,0,0,0,0,2023-08-22T19:10:18.489000
0,2559,0,0,0,0,0,0,0,0,0,0,2023-08-22T19:13:24.492000
0,2579,0,0,0,0,0,0,0,0,0,0,2023-08-22T19:13:24.992000
0,0,0,0,0,0,0,0,0,0,0,0,2023-08-22T19:15:37.495000
0,0,0,0,0,0,0,0,0,0,0,0,2023-08-22T19:15:37.995000
0,0,0,0,0,0,0,0,0,0,0,0,2023-08-22T19:15:38.495000
0,0,0,0,0,0,0,0,0,0,0,0,2023-08-22T19:15:38.995000
0,0,0,0,0,0,0,0,0,0,0,0,2023-08-22T19:15:39.495000
0,0,0,0,0,0,0,0,0,0,0,0,2023-08-22T19:15:39.995000
0,0,0,768,0,0,0,0,0,0,0,0,2023-08-22T19:15:40.495000
0,0,0,0,0,0,0,0,0,0,0,0,2023-08-22T19:16:02.495000
0,0,0,0,0,0,0,0,0,0,0,0,2023-08-22T19:16:02.995000
0,0,0,0,0,0,0,0,0,0,0,0,2023-08-22T19:16:03.495000
0,0,0,0,0,0,0,0,0,0,0,0,2023-08-22T19:16:03.995000
0,0,0,0,0,0,0,0,0,0,0,0,2023-08-22T19:16:04.495000
0,0,0,0,0,0,0,0,0,0,0,0,2023-08-22T19:16:04.995000
0,0,0,0,0,0,0,0,0,0,0,0,2023-08-22T19:16:05.495000
0,0,0,0,0,0,0,0,0,0,0,0,2023-08-22T19:16:05.995000
0,0,0,0,0,0,0,0,0,0,0,0,2023-08-22T19:16:06.495000
0,0,0,0,0,0,0,0,0,0,0,0,2023-08-22T19:16:06.995000
0,0,0,0,0,0,0,0,0,0,0,0,2023-08-22T19:16:07.495000
0,0,0,0,0,0,0,0,0,0,0,0,2023-08-22T19:16:07.995000
0,0,0,0,0,0,0,0,0,0,0,0,2023-08-22T19:16:08.495000
0,0,0,0,0,0,0,0,0,0,0,0,2023-08-22T19:16:08.995000
0,0,0,0,0,0,0,0,0,0,0,0,2023-08-22T19:16:09.495000
0,0,0,0,0,0,0,0,0,0,0,0,2023-08-22T19:16:09.995000
0,0,0,0,0,0,0,0,0,0,0,0,2023-08-22T19:16:10.495000
0,0,0,0,0,0,0,0,0,0,0,0,2023-08-22T19:16:10.995000
0,0,0,0,0,0,0,0,0,0,0,0,2023-08-22T19:16:11.495000
0,0,0,0,0,0,0,0,0,0,0,0,2023-08-22T19:16:11.995000
0,0,0,0,0,0,0,0,0,0,0,0,2023-08-22T19:16:12.495000
0,0,0,0,0,0,0,0,0,0,0,0,2023-08-22T19:16:12.995000
0,0,0,0,0,0,0,0,0,0,0,0,2023-08-22T19:16:13.495000
0,0,0,0,0,0,0,0,0,0,0,0,2023-08-22T19:16:13.995000
0,0,0,0,0,0,0,0,0,0,0,0,2023-08-22T19:16:14.495000
0,0,0,0,0,0,0,0,0,0,0,0,2023-08-22T19:16:14.995000
0,0,0,0,0,0,0,0,0,0,0,0,2023-08-22T19:16:15.495000
0,0,0,0,0,0,0,0,0,0,0,0,2023-08-22T19:16:15.995000
0,0,0,0,0,0,0,0,0,0,0,0,2023-08-22T19:16:16.495000
0,543,0,0,0,0,0,0,0,0,0,0,2023-08-22T19:16:16.995000
0,0,0,0,0,0,0,0,0,0,0,0,2023-08-22T19:16:17.495000
0,0,0,0,0,0,0,0,0,0,0,0,2023-08-22T19:16:17.995000
0,0,0,0,0,0,0,0,0,0,0,0,2023-08-22T19:16:18.495000
0,0,0,0,0,0,0,0,0,0,0,0,2023-08-22T19:16:18.995000
0,0,0,0,0,0,0,0,0,0,0,0,2023-08-22T19:16:19.495000
0,0,0,0,0,0,0,0,0,0,0,0,2023-08-22T19:16:19.995000
0,656,0,0,0,0,0,0,0,0,0,0,2023-08-22T19:16:20.495000
0,0,0,0,0,0,0,0,0,0,0,0,2023-08-22T19:16:20.995000
0,217,0,0,0,0,0,0,0,0,0,0,2023-08-22T19:16:21.495000
0,0,0,0,0,0,0,0,0,0,0,0,2023-08-22T19:16:32.495000
0,0,0,0,0,0,0,0,0,0,0,0,2023-08-22T19:16:32.995000
0,0,0,0,0,0,0,0,0,0,0,0,2023-08-22T19:16:33.495000
0,0,0,0,0,0,0,0,0,0,0,0,2023-08-22T19:16:33.995000
0,0,0,0,0,0,0,0,0,0,0,0,2023-08-22T19:16:34.495000
0,0,0,0,0,0,0,0,0,0,0,0,2023-08-22T19:16:34.995000
0,0,0,0,0,0,0,0,0,0,0,0,2023-08-22T19:16:35.495000
0,0,0,0,0,0,0,0,0,0,0,0,2023-08-22T19:16:35.995000
0,0,0,0,0,0,0,0,0,0,0,0,2023-08-22T19:16:36.495000
0,0,0,0,0,0,0,0,0,0,0,0,2023-08-22T19:16:36.995000
0,0,0,0,0,0,0,0,0,0,0,0,2023-08-22T19:16:37.495000
0,0,0,0,0,0,0,0,0,0,0,0,2023-08-22T19:16:37.995000
0,0,0,0,0,0,0,0,0,0,0,0,2023-08-22T19:16:38.495000
0,0,0,0,0,0,0,0,0,0,0,0,2023-08-22T19:16:38.995000
0,0,0,0,0,0,0,0,0,0,0,0,2023-08-22T19:16:39.495000
0,0,0,0,0,0,0,0,0,0,0,0,2023-08-22T19:16:39.995000
0,0,0,0,0,0,0,0,0,0,0,0,2023-08-22T19:16:40.495000
0,0,0,0,0,0,0,0,0,0,0,0,2023-08-22T19:16:40.995000
0,0,0,0,0,0,0,0,0,0,0,0,2023-08-22T19:16:41.495000
0,0,0,0,0,0,0,0,0,0,0,0,2023-08-22T19:16:41.995000
0,0,0,0,0,0,0,0,0,0,0,0,2023-08-22T19:16:42.495000
0,0,0,0,0,0,0,0,0,0,0,0,2023-08-22T19:16:42.995000
0,0,0,0,0,0,0,0,0,0,0,0,2023-08-22T19:16:43.495000
0,0,0,0,0,0,0,0,0,0,0,0,2023-08-22T19:16:43.995000
0,0,0,0,0,0,0,0,0,0,0,0,2023-08-22T19:16:44.496000
0,0,0,0,0,0,0,0,0,0,0,0,2023-08-22T19:16:44.996000
0,0,0,0,0,0,0,0,0,0,0,0,2023-08-22T19:16:45.496000
0,0,0,0,0,0,0,0,0,0,0,0,2023-08-22T19:16:45.996000
0,0,0,0,0,0,0,0,0,0,0,0,2023-08-22T19:16:46.496000
0,0,0,0,0,0,0,0,0,0,0,0,2023-08-22T19:16:46.996000
0,0,0,0,0,0,0,0,0,0,0,0,2023-08-22T19:16:47.496000
0,0,0,0,0,0,0,0,0,0,0,0,2023-08-22T19:16:47.996000
0,0,0,0,0,0,0,0,0,0,0,0,2023-08-22T19:16:48.496000
0,0,0,0,0,0,0,0,0,0,0,0,2023-08-22T19:16:48.996000
0,0,0,0,0,0,0,0,0,0,0,0,2023-08-22T19:16:49.496000
0,0,0,0,0,0,0,0,0,0,0,0,2023-08-22T19:16:49.996000
0,0,0,0,0,0,0,0,0,0,0,0,2023-08-22T19:16:50.496000
0,0,0,0,0,0,0,0,0,0,0,0,2023-08-22T19:16:50.996000
0,0,0,0,0,0,0,0,0,0,0,0,2023-08-22T19:16:51.496000
0,0,0,0,0,0,0,0,0,0,0,0,2023-08-22T19:16:51.996000
0,0,0,0,0,0,0,0,0,0,0,0,2023-08-22T19:16:52.496000
0,0,0,0,0,0,0,0,0,0,0,0,2023-08-22T19:16:52.996000
0,0,0,0,0,0,0,0,0,0,0,0,2023-08-22T19:16:53.496000
0,0,0,0,0,0,0,0,0,0,0,0,2023-08-22T19:16:53.996000
0,0,0,0,0,0,0,0,0,0,0,0,2023-08-22T19:16:54.496000
0,0,0,0,0,0,0,0,0,0,0,0,2023-08-22T19:16:54.996000
0,0,0,0,0,0,0,0,0,0,0,0,2023-08-22T19:16:55.496000
0,0,0,0,0,0,0,0,0,0,0,0,2023-08-22T19:16:55.996000
0,0,0,0,0,0,0,0,0,0,0,0,2023-08-22T19:16:56.496000
0,0,0,0,0,0,0,0,0,0,0,0,2023-08-22T19:16:56.996000
0,0,0,0,0,0,0,0,0,0,0,0,2023-08-22T19:16:57.496000
0,0,0,0,0,0,0,0,0,0,0,0,2023-08-22T19:16:57.996000
0,0,0,0,0,0,0,0,0,0,0,0,2023-08-22T19:16:58.496000
0,0,0,0,0,0,0,0,0,0,0,0,2023-08-22T19:16:58.996000
0,0,0,0,0,0,0,0,0,0,0,0,2023-08-22T19:16:59.496000
0,0,0,0,0,0,0,0,0,0,0,0,2023-08-22T19:16:59.996000
0,0,0,0,0,0,0,0,0,0,0,0,2023-08-22T19:17:00.496000
0,0,0,0,0,0,0,0,0,0,0,0,2023-08-22T19:17:00.996000
0,0,0,0,0,0,0,0,0,0,0,0,2023-08-22T19:17:01.496000
0,0,0,0,0,0,0,0,0,0,0,0,2023-08-22T19:17:01.996000
0,0,0,0,0,0,0,0,0,0,0,0,2023-08-22T19:17:02.496000
0,0,0,0,0,0,0,0,0,0,0,0,2023-08-22T19:17:02.996000
0,0,0,0,0,0,0,0,0,0,0,0,2023-08-22T19:17:03.496000
0,0,0,0,0,0,0,0,0,0,0,0,2023-08-22T19:17:03.996000
0,0,0,0,0,0,0,0,0,0,0,0,2023-08-22T19:17:04.496000
0,0,0,0,0,0,0,0,0,0,0,0,2023-08-22T19:17:04.996000
0,0,0,0,0,0,0,0,0,0,0,0,2023-08-22T19:17:05.496000
0,0,0,0,0,0,0,0,0,0,0,0,2023-08-22T19:17:05.996000
0,0,0,0,0,0,0,0,0,0,0,0,2023-08-22T19:17:06.496000
0,0,0,0,0,0,0,0,0,0,0,0,2023-08-22T19:17:06.996000
0,0,0,0,0,0,0,0,0,0,0,0,2023-08-22T19:17:07.496000
0,0,0,0,0,0,0,0,0,0,0,0,2023-08-22T19:17:07.996000
0,0,0,0,0,0,0,0,0,0,0,0,2023-08-22T19:17:08.496000
0,0,0,0,0,0,0,0,0,0,0,0,2023-08-22T19:17:08.996000
0,0,0,0,0,0,0,0,0,0,0,0,2023-08-22T19:17:09.496000
0,0,0,0,0,0,0,0,0,0,0,0,2023-08-22T19:17:09.996000
0,0,0,0,0,0,0,0,0,0,0,0,2023-08-22T19:17:10.496000
0,0,0,0,0,0,0,0,0,0,0,0,2023-08-22T19:17:10.996000
0,0,0,0,0,0,0,0,0,0,0,0,2023-08-22T19:17:11.496000
0,0,0,0,0,0,0,0,0,0,0,0,2023-08-22T19:17:11.996000
0,0,0,0,0,0,0,0,0,0,0,0,2023-08-22T19:17:12.496000
0,0,0,0,0,0,0,0,0,0,0,0,2023-08-22T19:17:12.996000
0,0,0,0,0,0,0,0,0,0,0,0,2023-08-22T19:17:13.496000
0,0,0,0,0,0,0,0,0,0,0,0,2023-08-22T19:17:13.996000
0,0,0,0,0,0,0,0,0,0,0,0,2023-08-22T19:17:14.496000
0,0,0,0,0,0,0,0,0,0,0,0,2023-08-22T19:17:14.996000
0,0,0,0,0,0,0,0,0,0,0,0,2023-08-22T19:17:15.496000
0,0,0,0,0,0,0,0,0,0,0,0,2023-08-22T19:17:15.996000
0,0,0,0,0,0,0,0,0,0,0,0,2023-08-22T19:17:16.496000
0,0,0,0,0,0,0,0,0,0,0,0,2023-08-22T19:17:16.996000
0,0,0,0,0,0,0,0,0,0,0,0,2023-08-22T19:17:17.496000
0,0,0,0,0,0,0,0,0,0,0,0,2023-08-22T19:17:17.996000
0,0,0,0,0,0,0,0,0,0,0,0,2023-08-22T19:17:18.496000
0,0,0,0,0,0,0,0,0,0,0,0,2023-08-22T19:17:18.996000
0,0,0,0,0,0,0,0,0,0,0,0,2023-08-22T19:17:19.496000
0,0,0,0,0,0,0,0,0,0,0,0,2023-08-22T19:17:19.996000
0,0,0,0,0,0,0,0,0,0,0,0,2023-08-22T19:17:20.496000
0,0,0,0,0,0,0,0,0,0,0,0,2023-08-22T19:17:20.996000
0,0,0,0,0,0,0,0,0,0,0,0,2023-08-22T19:17:21.496000
0,0,0,0,0,0,0,0,0,0,0,0,2023-08-22T19:17:21.996000
0,0,0,0,0,0,0,0,0,0,0,0,2023-08-22T19:17:22.496000
0,0,0,0,0,0,0,0,0,0,0,0,2023-08-22T19:17:22.996000
0,0,0,0,0,0,0,0,0,0,0,0,2023-08-22T19:17:23.496000
0,0,0,0,0,0,0,0,0,0,0,0,2023-08-22T19:17:23.996000
0,0,0,0,0,0,0,0,0,0,0,0,2023-08-22T19:17:24.496000
0,0,0,0,0,0,0,0,0,0,0,0,2023-08-22T19:17:24.996000
0,0,0,0,0,0,0,0,0,0,0,0,2023-08-22T19:17:25.496000
0,0,0,0,0,0,0,0,0,0,0,0,2023-08-22T19:17:25.996000
0,0,0,0,0,0,0,0,0,0,0,0,2023-08-22T19:17:26.496000
0,0,0,0,0,0,0,0,0,0,0,0,2023-08-22T19:17:26.996000
0,0,0,0,0,0,0,0,0,0,0,0,2023-08-22T19:17:27.496000
0,0,0,0,0,0,0,0,0,0,0,0,2023-08-22T19:17:27.996000
0,0,0,0,0,0,0,0,0,0,0,0,2023-08-22T19:17:28.496000
0,0,0,0,0,0,0,0,0,0,0,0,2023-08-22T19:17:28.996000
0,0,0,0,0,0,0,0,0,0,0,0,2023-08-22T19:17:29.496000
0,0,0,0,0,0,0,0,0,0,0,0,2023-08-22T19:17:29.996000
0,0,0,0,0,0,0,0,0,0,0,0,2023-08-22T19:17:30.496000
0,0,0,0,0,0,0,0,0,0,0,0,2023-08-22T19:17:30.996000
0,0,0,0,0,0,0,0,0,0,0,0,2023-08-22T19:17:31.496000
0,0,0,0,0,0,0,0,0,0,0,0,2023-08-22T19:17:31.996000
0,0,0,0,0,0,0,0,0,0,0,0,2023-08-22T19:17:32.496000
0,0,0,0,0,0,0,0,0,0,0,0,2023-08-22T19:17:32.996000
0,0,0,0,0,0,0,0,0,0,0,0,2023-08-22T19:17:33.496000
0,0,0,0,0,0,0,0,0,0,0,0,2023-08-22T19:17:33.996000
0,0,0,0,0,0,0,0,0,0,0,0,2023-08-22T19:17:34.496000
0,0,0,0,0,0,0,0,0,0,0,0,2023-08-22T19:17:34.996000
0,0,0,0,0,0,0,0,0,0,0,0,2023-08-22T19:17:35.496000
0,0,0,0,0,0,0,0,0,0,0,0,2023-08-22T19:17:35.996000
0,0,0,0,0,0,0,0,0,0,0,0,2023-08-22T19:17:36.496000
0,0,0,0,0,0,0,0,0,0,0,0,2023-08-22T19:17:36.996000
0,0,0,0,0,0,0,0,0,0,0,0,2023-08-22T19:17:37.496000
0,0,0,0,0,0,0,0,0,0,0,0,2023-08-22T19:17:37.996000
0,0,0,0,0,0,0,0,0,0,0,0,2023-08-22T19:17:38.496000
0,0,0,0,0,0,0,0,0,0,0,0,2023-08-22T19:17:38.996000
0,0,0,0,0,0,0,0,0,0,0,0,2023-08-22T19:17:39.496000
0,0,0,0,0,0,0,0,0,0,0,0,2023-08-22T19:17:39.996000
0,0,0,0,0,0,0,0,0,0,0,0,2023-08-22T19:17:40.496000
0,0,0,0,0,0,0,0,0,0,0,0,2023-08-22T19:17:40.996000
0,2554,0,0,0,0,0,0,0,0,0,0,2023-08-22T19:17:41.496000
0,0,0,0,0,0,0,0,0,0,0,0,2023-08-22T19:17:42.996000
0,1166,0,0,0,0,0,0,0,0,0,0,2023-08-22T19:17:43.496000
